{
    "metrics": {
        "ws_sessions": {
            "count": 1000,
            "rate": 4.144866839690928
        },
        "vus_max": {
            "value": 500,
            "min": 500,
            "max": 500
        },
        "http_reqs": {
            "count": 105,
            "rate": 0.43521101816754737
        },
        "http_req_tls_handshaking": {
            "avg": 0,
            "min": 0,
            "med": 0,
            "max": 0,
            "p(90)": 0,
            "p(95)": 0
        },
        "checks": {
            "passes": 815,
            "fails": 290,
            "thresholds": {
                "rate>0.99": true
            },
            "value": 0.7375565610859729
        },
        "msg_e2e_latency": {
            "max": 2007,
            "p(90)": 1786,
            "p(95)": 1893,
            "avg": 1044.71065,
            "min": 11,
            "med": 1032,
            "thresholds": {
                "p(95)<2500": false,
                "p(99)<3500": false
            }
        },
        "ws_connecting": {
            "min": 2.12,
            "med": 5.545,
            "max": 223.184,
            "p(90)": 196.68725,
            "p(95)": 209.28314999999998,
            "avg": 49.70760160000002,
            "thresholds": {
                "p(95)<1000": false
            }
        },
        "http_req_sending": {
            "avg": 0.026215238095238097,
            "min": 0,
            "med": 0,
            "max": 0.5606,
            "p(90)": 0,
            "p(95)": 0
        },
        "http_req_duration{expected_response:true}": {
            "p(90)": 5.9636000000000005,
            "p(95)": 6.664999999999999,
            "avg": 4.767448571428572,
            "min": 3.0952,
            "med": 4.4518,
            "max": 15.9708
        },
        "msgs_received": {
            "count": 20000,
            "rate": 82.89733679381855,
            "thresholds": {
                "count>0": false
            }
        },
        "ws_errors": {
            "count": 290,
            "rate": 1.202011383510369,
            "thresholds": {
                "count==0": true
            }
        },
        "http_req_waiting": {
            "avg": 4.667296190476191,
            "min": 3.0952,
            "med": 4.4285,
            "max": 15.4121,
            "p(90)": 5.882600000000001,
            "p(95)": 6.664999999999999
        },
        "http_req_receiving": {
            "min": 0,
            "med": 0,
            "max": 0.6667,
            "p(90)": 0.5392,
            "p(95)": 0.54838,
            "avg": 0.07393714285714285
        },
        "ws_msgs_received": {
            "count": 20000,
            "rate": 82.89733679381855
        },
        "iteration_duration": {
            "max": 239310.3689,
            "p(90)": 215327.77168,
            "p(95)": 227286.40488,
            "avg": 90250.42968230003,
            "min": 1005.5188,
            "med": 60373.89065
        },
        "iterations": {
            "rate": 4.144866839690928,
            "count": 1000
        },
        "http_req_failed": {
            "passes": 0,
            "fails": 105,
            "value": 0
        },
        "http_req_connecting": {
            "p(90)": 0,
            "p(95)": 0,
            "avg": 0.005301904761904762,
            "min": 0,
            "med": 0,
            "max": 0.5567
        },
        "ws_session_duration": {
            "max": 239310.3689,
            "p(90)": 215327.19109,
            "p(95)": 227286.40488,
            "avg": 89960.15764149986,
            "min": 4.9946,
            "med": 60373.89065
        },
        "msgs_sent": {
            "count": 4010,
            "rate": 16.620916027160618,
            "thresholds": {
                "count>0": false
            }
        },
        "data_received": {
            "count": 3778551,
            "rate": 15661.590741980994
        },
        "vus": {
            "value": 500,
            "min": 1,
            "max": 500
        },
        "http_req_duration": {
            "avg": 4.767448571428572,
            "min": 3.0952,
            "med": 4.4518,
            "max": 15.9708,
            "p(90)": 5.9636000000000005,
            "p(95)": 6.664999999999999
        },
        "http_req_blocked": {
            "min": 0,
            "med": 0,
            "max": 1.0896,
            "p(90)": 0,
            "p(95)": 0,
            "avg": 0.020551428571428568
        },
        "data_sent": {
            "count": 519554,
            "rate": 2153.48214602878
        },
        "ws_msgs_sent": {
            "count": 4010,
            "rate": 16.620916027160618
        }
    },