{
    "root_group": {
        "checks": {
            "ws handshake 101": {
                "id": "ea93306d778e5fa4d95326bd5ce13a44",
                "passes": 200,
                "fails": 0,
                "name": "ws handshake 101",
                "path": "::ws handshake 101"
            }
        },
        "name": "",
        "path": "",
        "id": "d41d8cd98f00b204e9800998ecf8427e",
        "groups": {
            "setup": {
                "name": "setup",
                "path": "::setup",
                "id": "5c0f8025f7e0b6654089e5b00e950f1a",
                "groups": {},
                "checks": {
                        "room created": {
                            "name": "room created",
                            "path": "::setup::room created",
                            "id": "6240e26abbf060beb900607fc3cf722f",
                            "passes": 10,
                            "fails": 0
                        },
                        "user created": {
                            "name": "user created",
                            "path": "::setup::user created",
                            "id": "bd2b00ce50ad9f3bd4cf332255cdea5d",
                            "passes": 10,
                            "fails": 0
                        }
                    }
            }
        }
    },
    "metrics": {
        "http_req_blocked": {
            "avg": 0.05252,
            "min": 0,
            "med": 0,
            "max": 1.0504,
            "p(90)": 0,
            "p(95)": 0.05252000000000075
        },
        "http_req_duration": {
            "avg": 3.946205,
            "min": 3.0601,
            "med": 3.6153000000000004,
            "max": 11.822,
            "p(90)": 4.16353,
            "p(95)": 4.627080000000006
        },
        "http_req_failed": {
            "passes": 0,
            "fails": 20,
            "value": 0
        },
        "ws_session_duration": {
            "p(95)": 226795.72261499998,
            "avg": 90187.41245749999,
            "min": 1036.7956,
            "med": 60494.49969999999,
            "max": 238735.1428,
            "p(90)": 214856.29139
        },
        "msgs_received": {
            "count": 7907,
            "rate": 32.798866300943445,
            "thresholds": {
                "count>0": false
            }
        },
        "http_req_receiving": {
            "avg": 0.026125,
            "min": 0,
            "med": 0,
            "max": 0.5225,
            "p(90)": 0,
            "p(95)": 0.02612500000000037
        },
        "ws_connecting": {
            "avg": 23.048867499999993,
            "min": 0.7936,
            "med": 20.7967,
            "max": 51.2397,
            "p(90)": 47.0733,
            "p(95)": 49.087439999999994,
            "thresholds": {
                "p(95)<1000": false
            }
        },
        "ws_errors": {
            "rate": 0,
            "count": 0,
            "thresholds": {
                "count==0": false
            }
        },
        "ws_msgs_sent": {
            "count": 791,
            "rate": 3.281131054008634
        },
        "data_received": {
            "count": 1468013,
            "rate": 6089.434945623738
        },
        "ws_msgs_received": {
            "rate": 32.798866300943445,
            "count": 7907
        },
        "checks": {
            "passes": 220,
            "fails": 0,
            "thresholds": {
                "rate>0.99": false
            },
            "value": 1
        },
        "http_reqs": {
            "count": 20,
            "rate": 0.08296159428593258
        },
        "http_req_waiting": {
            "max": 11.822,
            "p(90)": 3.7520200000000004,
            "p(95)": 4.378845000000005,
            "avg": 3.84251,
            "min": 3.0531,
            "med": 3.61105
        },
        "vus": {
            "max": 100,
            "value": 100,
            "min": 0
        },
        "data_sent": {
            "count": 116609,
            "rate": 483.70342740441566
        },
        "vus_max": {
            "min": 100,
            "max": 100,
            "value": 100
        },
        "iterations": {
            "count": 200,
            "rate": 0.8296159428593258
        },
        "http_req_connecting": {
            "avg": 0.026119999999999997,
            "min": 0,
            "med": 0,
            "max": 0.5224,
            "p(90)": 0,
            "p(95)": 0.02612000000000037
        },
        "http_req_tls_handshaking": {
            "avg": 0,
            "min": 0,
            "med": 0,
            "max": 0,
            "p(90)": 0,
            "p(95)": 0
        },
        "ws_sessions": {
            "count": 200,
            "rate": 0.8296159428593258
        },
        "iteration_duration": {
            "min": 1036.7956,
            "med": 60494.49969999999,
            "max": 238735.1428,
            "p(90)": 214856.29139,
            "p(95)": 226796.29014499998,
            "avg": 90187.53464
        },
        "msgs_sent": {
            "count": 791,
            "rate": 3.281131054008634,
            "thresholds": {
                "count>0": false
            }
        },
        "http_req_sending": {
            "min": 0,
            "med": 0,
            "max": 1.0135,
            "p(90)": 0.05379000000000077,
            "p(95)": 0.5616800000000004,
            "avg": 0.07757
        },
        "msg_e2e_latency": {
            "avg": 1032.6525863159227,
            "min": 6,
            "med": 929,
            "max": 2006,
            "p(90)": 1913,
            "p(95)": 1945,
            "thresholds": {
                "p(95)<2500": false,
                "p(99)<3500": false
            }
        },
        "http_req_duration{expected_response:true}": {
            "med": 3.6153000000000004,
            "max": 11.822,
            "p(90)": 4.16353,
            "p(95)": 4.627080000000006,
            "avg": 3.946205,
            "min": 3.0601
        }
    },
    "setup_data": {
        "rooms": [
            "60a8e133-0bac-4ccb-b7f7-895fa6e5bd51",
            "7e204a92-5f65-492f-aacb-5b4c887bffc0",
            "52462b62-095b-408d-a2fb-cf39b7726690",
            "bf5c6d50-05e0-4ff7-bb12-fa15f8e624d6",
            "0b41ae4b-6959-4c4b-8c5b-590d640e579a",
            "bb118e9d-1b47-4dbe-9d7b-a9e60f679eed",
            "71c9ab6b-f46e-4178-b98b-3720db1da5f2",
            "4de7d088-dc39-474a-985f-c5b32a99254a",
            "8de0e194-9395-4a88-b0e9-05ae535d272b",
            "85c2d191-324d-4868-a00b-13ac8848c0e7"
        ],
        "users": [
            "60cb4813-38c6-48c5-afdd-438b51d57852",
            "fced640a-e3d4-448a-8f18-dc211ba25f3e",
            "6fd1a6c6-13bc-4a40-852f-1d4b5445d084",
            "16a8f5e5-5888-423a-a6bf-42d301e887f8",
            "c512b49b-50ea-4b38-b1a1-5f615050d365",
            "77c0784d-a6eb-4dd4-a1ea-b70abf1e3302",
            "5f4d33de-a890-4b95-9169-418d76ed4bf1",
            "973ac64b-a26e-4e03-8002-feb7fdf4870a",
            "234cb61e-9562-4099-a544-ea7c0eecab37",
            "71b2c7c0-64a9-4154-addf-46c0e8ceb0d5"
        ]
    }
}