{
    "metrics": {
        "http_req_connecting": {
            "med": 0,
            "max": 1.0056,
            "p(90)": 0,
            "p(95)": 0,
            "avg": 0.009141818181818182,
            "min": 0
        },
        "http_req_receiving": {
            "avg": 0.053087272727272726,
            "min": 0,
            "med": 0,
            "max": 0.5529,
            "p(90)": 0.05215000000000444,
            "p(95)": 0.528465
        },
        "http_req_failed": {
            "passes": 0,
            "fails": 110,
            "value": 0
        },
        "http_req_duration{expected_response:true}": {
            "p(95)": 3.6404799999999997,
            "avg": 3.0260045454545472,
            "min": 1.5568,
            "med": 3.13705,
            "max": 4.6022,
            "p(90)": 3.348
        },
        "data_sent": {
            "count": 128990,
            "rate": 2130.253720484655
        },
        "vus": {
            "max": 272,
            "value": 272,
            "min": 272
        },
        "ws_msgs_sent": {
            "rate": 8.984091975685342,
            "count": 544
        },
        "http_req_blocked": {
            "min": 0,
            "med": 0,
            "max": 1.0056,
            "p(90)": 0,
            "p(95)": 0,
            "avg": 0.009141818181818182
        },
        "iteration_duration": {
            "max": 60192.287,
            "p(90)": 60151.047810000004,
            "p(95)": 60159.6806,
            "avg": 16397.951854900006,
            "min": 32.8307,
            "med": 59.7575
        },
        "checks": {
            "passes": 382,
            "fails": 728,
            "thresholds": {
                "rate>0.99": true
            },
            "value": 0.3441441441441441
        },
        "msg_e2e_latency": {
            "avg": 1009.4937481826112,
            "min": 18,
            "med": 1006,
            "max": 2004,
            "p(90)": 1816,
            "p(95)": 1919,
            "thresholds": {
                "p(95)<2500": false,
                "p(99)<3500": false
            }
        },
        "http_reqs": {
            "count": 110,
            "rate": 1.816636245083433
        },
        "http_req_tls_handshaking": {
            "med": 0,
            "max": 0,
            "p(90)": 0,
            "p(95)": 0,
            "avg": 0,
            "min": 0
        },
        "http_req_sending": {
            "p(95)": 0,
            "avg": 0.01451909090909091,
            "min": 0,
            "med": 0,
            "max": 0.6766,
            "p(90)": 0
        },
        "ws_connecting": {
            "avg": 77.38920370000002,
            "min": 32.3002,
            "med": 59.3857,
            "max": 192.1385,
            "p(90)": 150.60362,
            "p(95)": 159.5446,
            "thresholds": {
                "p(95)<1000": false
            }
        },
        "ws_errors": {
            "count": 728,
            "rate": 12.022828967461265,
            "thresholds": {
                "count==0": true
            }
        },
        "ws_session_duration": {
            "avg": 16397.7543823,
            "min": 32.3002,
            "med": 59.4864,
            "max": 60192.287,
            "p(90)": 60150.791300000004,
            "p(95)": 60159.6393
        },
        "msgs_received": {
            "count": 3439,
            "rate": 56.794654971290235,
            "thresholds": {
                "count>0": false
            }
        },
        "http_req_waiting": {
            "avg": 2.958398181818184,
            "min": 1.5568,
            "med": 3.03965,
            "max": 4.6022,
            "p(90)": 3.2628500000000003,
            "p(95)": 3.3547499999999997
        },
        "ws_sessions": {
            "count": 1000,
            "rate": 16.514874955303938
        },
        "data_received": {
            "count": 705187,
            "rate": 11646.075125105917
        },
        "iterations": {
            "count": 1000,
            "rate": 16.514874955303938
        },
        "http_req_duration": {
            "p(90)": 3.348,
            "p(95)": 3.6404799999999997,
            "avg": 3.0260045454545472,
            "min": 1.5568,
            "med": 3.13705,
            "max": 4.6022
        },
        "ws_msgs_received": {
            "count": 3439,
            "rate": 56.794654971290235
        },
        "vus_max": {
            "value": 1000,
            "min": 1000,
            "max": 1000
        },
        "msgs_sent": {
            "count": 544,
            "rate": 8.984091975685342,
            "thresholds": {
                "count>0": false
            }
        }
    },