{
    "root_group": {
        "name": "",
        "path": "",
        "id": "d41d8cd98f00b204e9800998ecf8427e",
        "groups": {
            "setup": {
                "groups": {},
                "checks": {
                        "room created": {
                            "name": "room created",
                            "path": "::setup::room created",
                            "id": "6240e26abbf060beb900607fc3cf722f",
                            "passes": 100,
                            "fails": 0
                        },
                        "user created": {
                            "name": "user created",
                            "path": "::setup::user created",
                            "id": "bd2b00ce50ad9f3bd4cf332255cdea5d",
                            "passes": 10,
                            "fails": 0
                        }
                    },
                "name": "setup",
                "path": "::setup",
                "id": "5c0f8025f7e0b6654089e5b00e950f1a"
            }
        },
        "checks": {
            "ws handshake 101": {
                "name": "ws handshake 101",
                "path": "::ws handshake 101",
                "id": "ea93306d778e5fa4d95326bd5ce13a44",
                "passes": 1243,
                "fails": 757
            }
        }
    },
    "metrics": {
        "http_req_blocked": {
            "avg": 0.01707272727272727,
            "min": 0,
            "med": 0,
            "max": 1.3314,
            "p(90)": 0,
            "p(95)": 0
        },
        "http_req_waiting": {
            "p(95)": 5.284,
            "avg": 3.843650909090908,
            "min": 2.5032,
            "med": 3.73975,
            "max": 8.0443,
            "p(90)": 4.72071
        },
        "ws_sessions": {
            "count": 2000,
            "rate": 16.496185653800826
        },
        "iterations": {
            "count": 2000,
            "rate": 16.496185653800826
        },
        "http_reqs": {
            "count": 110,
            "rate": 0.9072902109590453
        },
        "http_req_duration{expected_response:true}": {
            "max": 8.0585,
            "p(90)": 4.906630000000001,
            "p(95)": 5.341105,
            "avg": 3.95152818181818,
            "min": 2.6264,
            "med": 3.79315
        },
        "http_req_receiving": {
            "max": 0.6276,
            "p(90)": 0.5206600000000002,
            "p(95)": 0.560905,
            "avg": 0.06553909090909091,
            "min": 0,
            "med": 0
        },
        "http_req_sending": {
            "med": 0,
            "max": 0.7494,
            "p(90)": 0,
            "p(95)": 0.512775,
            "avg": 0.042338181818181816,
            "min": 0
        },
        "iteration_duration": {
            "p(95)": 113616.923115,
            "avg": 45340.302652300095,
            "min": 1022.1395,
            "med": 30386.132,
            "max": 119577.9362,
            "p(90)": 107600.03453
        },
        "ws_connecting": {
            "avg": 41.300477500000014,
            "min": 1.0668,
            "med": 13.8981,
            "max": 176.9656,
            "p(90)": 141.5255,
            "p(95)": 155.75871999999998,
            "thresholds": {
                "p(95)<1000": false
            }
        },
        "msgs_received": {
            "count": 34410,
            "rate": 283.81687417364316,
            "thresholds": {
                "count>0": false
            }
        },
        "ws_msgs_sent": {
            "rate": 28.571393552383025,
            "count": 3464
        },
        "msg_e2e_latency": {
            "avg": 1014.6634699215344,
            "min": 12,
            "med": 1030,
            "max": 2006,
            "p(90)": 1828,
            "p(95)": 1924,
            "thresholds": {
                "p(95)<2500": false,
                "p(99)<3500": false
            }
        },
        "http_req_tls_handshaking": {
            "avg": 0,
            "min": 0,
            "med": 0,
            "max": 0,
            "p(90)": 0,
            "p(95)": 0
        },
        "data_sent": {
            "count": 603863,
            "rate": 4980.718078730563
        },
        "http_req_duration": {
            "med": 3.79315,
            "max": 8.0585,
            "p(90)": 4.906630000000001,
            "p(95)": 5.341105,
            "avg": 3.95152818181818,
            "min": 2.6264
        },
        "vus": {
            "value": 1000,
            "min": 6,
            "max": 1000
        },
        "http_req_failed": {
            "passes": 0,
            "fails": 110,
            "value": 0
        },
        "ws_msgs_received": {
            "count": 34410,
            "rate": 283.81687417364316
        },
        "checks": {
            "passes": 1353,
            "fails": 757,
            "thresholds": {
                "rate>0.99": true
            },
            "value": 0.6412322274881517
        },
        "msgs_sent": {
            "rate": 28.571393552383025,
            "count": 3464,
            "thresholds": {
                "count>0": false
            }
        },
        "vus_max": {
            "value": 1000,
            "min": 1000,
            "max": 1000
        },
        "ws_session_duration": {
            "p(90)": 107600.03453,
            "p(95)": 113616.37791,
            "avg": 44961.55561439998,
            "min": 21.5545,
            "med": 30386.132,
            "max": 119577.9362
        },
        "http_req_connecting": {
            "p(90)": 0,
            "p(95)": 0,
            "avg": 0.006510909090909091,
            "min": 0,
            "med": 0,
            "max": 0.7162
        },
        "data_received": {
            "count": 6402307,
            "rate": 52806.8224423143
        },
        "ws_errors": {
            "count": 757,
            "rate": 6.243806269963612,
            "thresholds": {
                "count==0": true
            }
        }
    },