{
    "metrics": {
        "http_req_duration": {
            "max": 4.4694,
            "p(90)": 3.76282,
            "p(95)": 3.80184,
            "avg": 3.288252380952382,
            "min": 2.0776,
            "med": 3.2246
        },
        "http_req_sending": {
            "p(90)": 0,
            "p(95)": 0,
            "avg": 0.015042857142857143,
            "min": 0,
            "med": 0,
            "max": 0.5317
        },
        "vus": {
            "value": 217,
            "min": 217,
            "max": 217
        },
        "http_req_waiting": {
            "p(90)": 3.7169,
            "p(95)": 3.79926,
            "avg": 3.216879047619048,
            "min": 2.0776,
            "med": 3.2073,
            "max": 4.374
        },
        "msg_e2e_latency": {
            "p(95)": 1934,
            "avg": 996.883843717001,
            "min": 18,
            "med": 990.5,
            "max": 1995,
            "p(90)": 1845.7,
            "thresholds": {
                "p(95)<2500": false,
                "p(99)<3500": false
            }
        },
        "http_req_blocked": {
            "max": 0.534,
            "p(90)": 0,
            "p(95)": 0,
            "avg": 0.005085714285714286,
            "min": 0,
            "med": 0
        },
        "http_req_receiving": {
            "avg": 0.056330476190476195,
            "min": 0,
            "med": 0,
            "max": 0.8101,
            "p(90)": 0.19956000000000285,
            "p(95)": 0.52284
        },
        "ws_sessions": {
            "count": 500,
            "rate": 8.262313857195043
        },
        "checks": {
            "fails": 283,
            "passes": 322,
            "thresholds": {
                "rate>0.99": true
            },
            "value": 0.5322314049586777
        },
        "iterations": {
            "count": 500,
            "rate": 8.262313857195043
        },
        "ws_msgs_received": {
            "rate": 31.297644891054823,
            "count": 1894
        },
        "http_req_tls_handshaking": {
            "avg": 0,
            "min": 0,
            "med": 0,
            "max": 0,
            "p(90)": 0,
            "p(95)": 0
        },
        "data_sent": {
            "count": 105845,
            "rate": 1749.0492204296188
        },
        "ws_session_duration": {
            "avg": 26081.878286599986,
            "min": 1.1023,
            "med": 7.4923,
            "max": 60135.3641,
            "p(90)": 60118.02416,
            "p(95)": 60126.282759999995
        },
        "ws_msgs_sent": {
            "rate": 7.1716884280452975,
            "count": 434
        },
        "msgs_sent": {
            "count": 434,
            "rate": 7.1716884280452975,
            "thresholds": {
                "count>0": false
            }
        },
        "msgs_received": {
            "count": 1894,
            "rate": 31.297644891054823,
            "thresholds": {
                "count>0": false
            }
        },
        "data_received": {
            "count": 413732,
            "rate": 6836.767273530039
        },
        "vus_max": {
            "value": 500,
            "min": 500,
            "max": 500
        },
        "http_req_failed": {
            "passes": 0,
            "fails": 105,
            "value": 0
        },
        "ws_connecting": {
            "min": 1.1023,
            "med": 7.4923,
            "max": 134.8471,
            "p(90)": 117.0468,
            "p(95)": 125.52098499999998,
            "avg": 41.51288480000004,
            "thresholds": {
                "p(95)<1000": false
            }
        },
        "ws_errors": {
            "count": 283,
            "rate": 4.676469643172394,
            "thresholds": {
                "count==0": true
            }
        },
        "http_reqs": {
            "count": 105,
            "rate": 1.735085910010959
        },
        "http_req_duration{expected_response:true}": {
            "med": 3.2246,
            "max": 4.4694,
            "p(90)": 3.76282,
            "p(95)": 3.80184,
            "avg": 3.288252380952382,
            "min": 2.0776
        },
        "http_req_connecting": {
            "avg": 0.005085714285714286,
            "min": 0,
            "med": 0,
            "max": 0.534,
            "p(90)": 0,
            "p(95)": 0
        },
        "iteration_duration": {
            "avg": 26082.0448664,
            "min": 1.1023,
            "med": 7.5072,
            "max": 60135.3641,
            "p(90)": 60118.633,
            "p(95)": 60126.400185
        }
    },